{
  "Choose date" : {
    "transaction" : "Choose date",
    "sampleCount" : 2370,
    "errorCount" : 0,
    "errorPct" : 0.0,
    "meanResTime" : 20.381434599156105,
    "medianResTime" : 18.0,
    "minResTime" : 0.0,
    "maxResTime" : 110.0,
    "pct1ResTime" : 33.0,
    "pct2ResTime" : 40.0,
    "pct3ResTime" : 54.289999999999964,
    "throughput" : 7.920170033017418,
    "receivedKBytesPerSec" : 235.06228413777086,
    "sentKBytesPerSec" : 2.9730923084120895
  },
  "Get posts using dates from CSV" : {
    "transaction" : "Get posts using dates from CSV",
    "sampleCount" : 2324,
    "errorCount" : 0,
    "errorPct" : 0.0,
    "meanResTime" : 20.78485370051636,
    "medianResTime" : 18.0,
    "minResTime" : 7.0,
    "maxResTime" : 110.0,
    "pct1ResTime" : 33.0,
    "pct2ResTime" : 40.0,
    "pct3ResTime" : 54.75,
    "throughput" : 7.872735402918739,
    "receivedKBytesPerSec" : 238.2793047881746,
    "sentKBytesPerSec" : 3.0137815214298294
  },
  "Get Home page" : {
    "transaction" : "Get Home page",
    "sampleCount" : 2370,
    "errorCount" : 0,
    "errorPct" : 0.0,
    "meanResTime" : 24.212658227848074,
    "medianResTime" : 23.0,
    "minResTime" : 13.0,
    "maxResTime" : 94.0,
    "pct1ResTime" : 30.0,
    "pct2ResTime" : 35.0,
    "pct3ResTime" : 55.0,
    "throughput" : 7.9125017527693755,
    "receivedKBytesPerSec" : 247.13431988166303,
    "sentKBytesPerSec" : 2.9440069998096994
  },
  "Open post" : {
    "transaction" : "Open post",
    "sampleCount" : 4594,
    "errorCount" : 0,
    "errorPct" : 0.0,
    "meanResTime" : 33.81192860252513,
    "medianResTime" : 31.0,
    "minResTime" : 0.0,
    "maxResTime" : 103.0,
    "pct1ResTime" : 48.0,
    "pct2ResTime" : 54.0,
    "pct3ResTime" : 74.0,
    "throughput" : 15.56797348632465,
    "receivedKBytesPerSec" : 413.04871737469205,
    "sentKBytesPerSec" : 6.084879914975956
  },
  "Total" : {
    "transaction" : "Total",
    "sampleCount" : 7064,
    "errorCount" : 0,
    "errorPct" : 0.0,
    "meanResTime" : 25.95611551528873,
    "medianResTime" : 24.0,
    "minResTime" : 0.0,
    "maxResTime" : 110.0,
    "pct1ResTime" : 39.0,
    "pct2ResTime" : 46.0,
    "pct3ResTime" : 62.0,
    "throughput" : 23.590623862463723,
    "receivedKBytesPerSec" : 685.631374899396,
    "sentKBytesPerSec" : 8.91416213878527
  },
  "Get HomePage" : {
    "transaction" : "Get HomePage",
    "sampleCount" : 2370,
    "errorCount" : 0,
    "errorPct" : 0.0,
    "meanResTime" : 24.212658227848074,
    "medianResTime" : 23.0,
    "minResTime" : 13.0,
    "maxResTime" : 94.0,
    "pct1ResTime" : 30.0,
    "pct2ResTime" : 35.0,
    "pct3ResTime" : 55.0,
    "throughput" : 7.91765637371338,
    "receivedKBytesPerSec" : 247.2953162114014,
    "sentKBytesPerSec" : 2.9459248812351544
  }
}