{
  "Post new user" : {
    "transaction" : "Post new user",
    "sampleCount" : 5,
    "errorCount" : 1,
    "errorPct" : 20.0,
    "meanResTime" : 5287.8,
    "medianResTime" : 70.0,
    "minResTime" : 7.0,
    "maxResTime" : 21007.0,
    "pct1ResTime" : 21007.0,
    "pct2ResTime" : 21007.0,
    "pct3ResTime" : 21007.0,
    "throughput" : 0.003792021283857062,
    "receivedKBytesPerSec" : 0.0038920062200525117,
    "sentKBytesPerSec" : 0.004505987791208275
  },
  "Get posts using dates from CSV" : {
    "transaction" : "Get posts using dates from CSV",
    "sampleCount" : 2160,
    "errorCount" : 389,
    "errorPct" : 18.00926,
    "meanResTime" : 37225.26388888893,
    "medianResTime" : 28763.5,
    "minResTime" : 12.0,
    "maxResTime" : 147414.0,
    "pct1ResTime" : 71342.90000000001,
    "pct2ResTime" : 81275.59999999993,
    "pct3ResTime" : 129718.35999999991,
    "throughput" : 1.1752741898361636,
    "receivedKBytesPerSec" : 27.362395277832643,
    "sentKBytesPerSec" : 0.4372506283091994
  },
  "Get posts using random date less 10" : {
    "transaction" : "Get posts using random date less 10",
    "sampleCount" : 855,
    "errorCount" : 188,
    "errorPct" : 21.988304,
    "meanResTime" : 36543.00818713451,
    "medianResTime" : 24691.0,
    "minResTime" : 12.0,
    "maxResTime" : 140243.0,
    "pct1ResTime" : 72352.4,
    "pct2ResTime" : 83554.59999999992,
    "pct3ResTime" : 128088.11999999997,
    "throughput" : 0.47474073880764006,
    "receivedKBytesPerSec" : 10.764323848594074,
    "sentKBytesPerSec" : 0.16472341077067357
  },
  "Get API packages" : {
    "transaction" : "Get API packages",
    "sampleCount" : 10,
    "errorCount" : 0,
    "errorPct" : 0.0,
    "meanResTime" : 17054.6,
    "medianResTime" : 5386.5,
    "minResTime" : 4.0,
    "maxResTime" : 78041.0,
    "pct1ResTime" : 75166.40000000001,
    "pct2ResTime" : 78041.0,
    "pct3ResTime" : 78041.0,
    "throughput" : 0.006414882527463716,
    "receivedKBytesPerSec" : 0.0324264794322829,
    "sentKBytesPerSec" : 0.007930899687274477
  },
  "Get users (with data of deleted user)" : {
    "transaction" : "Get users (with data of deleted user)",
    "sampleCount" : 4,
    "errorCount" : 0,
    "errorPct" : 0.0,
    "meanResTime" : 10988.0,
    "medianResTime" : 7360.0,
    "minResTime" : 3.0,
    "maxResTime" : 29229.0,
    "pct1ResTime" : 29229.0,
    "pct2ResTime" : 29229.0,
    "pct3ResTime" : 29229.0,
    "throughput" : 0.0050212839674168884,
    "receivedKBytesPerSec" : 0.04462764197994248,
    "sentKBytesPerSec" : 0.0064482308761261795
  },
  "Post Login.aspx" : {
    "transaction" : "Post Login.aspx",
    "sampleCount" : 3,
    "errorCount" : 0,
    "errorPct" : 0.0,
    "meanResTime" : 50.0,
    "medianResTime" : 51.0,
    "minResTime" : 39.0,
    "maxResTime" : 60.0,
    "pct1ResTime" : 60.0,
    "pct2ResTime" : 60.0,
    "pct3ResTime" : 60.0,
    "throughput" : 0.09781864423359092,
    "receivedKBytesPerSec" : 3.6830693758355344,
    "sentKBytesPerSec" : 0.22696982294825394
  },
  "Get Admin" : {
    "transaction" : "Get Admin",
    "sampleCount" : 10,
    "errorCount" : 1,
    "errorPct" : 10.0,
    "meanResTime" : 13290.6,
    "medianResTime" : 4805.5,
    "minResTime" : 3.0,
    "maxResTime" : 61650.0,
    "pct1ResTime" : 58339.90000000001,
    "pct2ResTime" : 61650.0,
    "pct3ResTime" : 61650.0,
    "throughput" : 0.005718743066024032,
    "receivedKBytesPerSec" : 0.04730640321227517,
    "sentKBytesPerSec" : 0.006137037846927549
  },
  "Open First Post" : {
    "transaction" : "Open First Post",
    "sampleCount" : 3887,
    "errorCount" : 1008,
    "errorPct" : 25.932596,
    "meanResTime" : 37260.664780036044,
    "medianResTime" : 28527.0,
    "minResTime" : 0.0,
    "maxResTime" : 164235.0,
    "pct1ResTime" : 72904.8,
    "pct2ResTime" : 84124.4,
    "pct3ResTime" : 135987.84,
    "throughput" : 2.095331943273483,
    "receivedKBytesPerSec" : 67.87503142559927,
    "sentKBytesPerSec" : 0.7654804515084557
  },
  "Choose Predefined Date" : {
    "transaction" : "Choose Predefined Date",
    "sampleCount" : 2169,
    "errorCount" : 599,
    "errorPct" : 27.616413,
    "meanResTime" : 79552.75610880603,
    "medianResTime" : 74161.0,
    "minResTime" : 0.0,
    "maxResTime" : 347640.0,
    "pct1ResTime" : 151117.0,
    "pct2ResTime" : 177855.0,
    "pct3ResTime" : 227676.80000000013,
    "throughput" : 1.1713174648348248,
    "receivedKBytesPerSec" : 53.85972270955863,
    "sentKBytesPerSec" : 1.2730934735908144
  },
  "Open Large calendar" : {
    "transaction" : "Open Large calendar",
    "sampleCount" : 734,
    "errorCount" : 212,
    "errorPct" : 28.882833,
    "meanResTime" : 74550.26158038143,
    "medianResTime" : 66264.5,
    "minResTime" : 0.0,
    "maxResTime" : 250370.0,
    "pct1ResTime" : 135958.0,
    "pct2ResTime" : 149183.75,
    "pct3ResTime" : 221021.0499999999,
    "throughput" : 0.40681588422042103,
    "receivedKBytesPerSec" : 17.76556429717429,
    "sentKBytesPerSec" : 0.38988813550432977
  },
  "Get large calendar" : {
    "transaction" : "Get large calendar",
    "sampleCount" : 730,
    "errorCount" : 157,
    "errorPct" : 21.50685,
    "meanResTime" : 36722.92054794522,
    "medianResTime" : 25925.0,
    "minResTime" : 26.0,
    "maxResTime" : 144078.0,
    "pct1ResTime" : 72634.7,
    "pct2ResTime" : 89652.19999999998,
    "pct3ResTime" : 129608.80999999998,
    "throughput" : 0.4076208344501027,
    "receivedKBytesPerSec" : 10.146808172693033,
    "sentKBytesPerSec" : 0.1452754503023653
  },
  "Get Admin Dashboard html" : {
    "transaction" : "Get Admin Dashboard html",
    "sampleCount" : 10,
    "errorCount" : 1,
    "errorPct" : 10.0,
    "meanResTime" : 11120.599999999999,
    "medianResTime" : 5023.5,
    "minResTime" : 4.0,
    "maxResTime" : 44913.0,
    "pct1ResTime" : 42522.20000000001,
    "pct2ResTime" : 44913.0,
    "pct3ResTime" : 44913.0,
    "throughput" : 0.006752910335531856,
    "receivedKBytesPerSec" : 0.05586120857342743,
    "sentKBytesPerSec" : 0.007211237746000082
  },
  "Don't Open Post" : {
    "transaction" : "Don't Open Post",
    "sampleCount" : 0,
    "errorCount" : 0,
    "errorPct" : "NaN",
    "meanResTime" : "NaN",
    "medianResTime" : "NaN",
    "minResTime" : 9.223372036854776E18,
    "maxResTime" : -9.223372036854776E18,
    "pct1ResTime" : "NaN",
    "pct2ResTime" : "NaN",
    "pct3ResTime" : "NaN",
    "throughput" : 0.0,
    "receivedKBytesPerSec" : 0.0,
    "sentKBytesPerSec" : 0.0
  },
  "Go to users data in Admin page" : {
    "transaction" : "Go to users data in Admin page",
    "sampleCount" : 10,
    "errorCount" : 3,
    "errorPct" : 30.0,
    "meanResTime" : 127983.8,
    "medianResTime" : 37246.5,
    "minResTime" : 1303.0,
    "maxResTime" : 453861.0,
    "pct1ResTime" : 446791.0,
    "pct2ResTime" : 453861.0,
    "pct3ResTime" : 453861.0,
    "throughput" : 0.005422781756894524,
    "receivedKBytesPerSec" : 4.375744276796134,
    "sentKBytesPerSec" : 0.056047944609809164
  },
  "Get Home page" : {
    "transaction" : "Get Home page",
    "sampleCount" : 1141,
    "errorCount" : 286,
    "errorPct" : 25.065731,
    "meanResTime" : 85812.34881682732,
    "medianResTime" : 85643.0,
    "minResTime" : 43.0,
    "maxResTime" : 312477.0,
    "pct1ResTime" : 155817.8,
    "pct2ResTime" : 183216.69999999998,
    "pct3ResTime" : 228590.39999999997,
    "throughput" : 0.6244756128864183,
    "receivedKBytesPerSec" : 32.937166045281046,
    "sentKBytesPerSec" : 0.708103256919447
  },
  "Get Admin Data" : {
    "transaction" : "Get Admin Data",
    "sampleCount" : 10,
    "errorCount" : 1,
    "errorPct" : 10.0,
    "meanResTime" : 13651.800000000001,
    "medianResTime" : 3253.5,
    "minResTime" : 3.0,
    "maxResTime" : 51924.0,
    "pct1ResTime" : 50271.50000000001,
    "pct2ResTime" : 51924.0,
    "pct3ResTime" : 51924.0,
    "throughput" : 0.005605286906610316,
    "receivedKBytesPerSec" : 0.005562590385251369,
    "sentKBytesPerSec" : 0.006123666467211874
  },